<?xml version="1.0" encoding="UTF-8"?>
<GenRun Id="cpuram_synth_1" LaunchPart="xc7s50csga324-1" LaunchTime="1648602906">
  <File Type="PA-TCL" Name="cpuram.tcl"/>
  <File Type="RDS-PROPCONSTRS" Name="cpuram_drc_synth.rpt"/>
  <File Type="REPORTS-TCL" Name="cpuram_reports.tcl"/>
  <File Type="RDS-RDS" Name="cpuram.vds"/>
  <File Type="RDS-UTIL" Name="cpuram_utilization_synth.rpt"/>
  <File Type="RDS-UTIL-PB" Name="cpuram_utilization_synth.pb"/>
  <File Type="RDS-DCP" Name="cpuram.dcp"/>
  <File Type="VDS-TIMINGSUMMARY" Name="cpuram_timing_summary_synth.rpt"/>
  <File Type="VDS-TIMING-PB" Name="cpuram_timing_summary_synth.pb"/>
  <FileSet Name="sources" Type="BlockSrcs" RelSrcDir="$PSRCDIR/cpuram">
    <File Path="$PSRCDIR/sources_1/ip/cpuram/cpuram.xci">
      <FileInfo>
        <Attr Name="UsedIn" Val="synthesis"/>
        <Attr Name="UsedIn" Val="implementation"/>
        <Attr Name="UsedIn" Val="simulation"/>
      </FileInfo>
    </File>
    <Config>
      <Option Name="TopModule" Val="cpuram"/>
      <Option Name="UseBlackboxStub" Val="1"/>
    </Config>
  </FileSet>
  <FileSet Name="constrs_in" Type="BlockSrcs" RelSrcDir="$PSRCDIR/cpuram">
    <File Path="$PSRCDIR/sources_1/ip/cpuram/cpuram.xci">
      <FileInfo>
        <Attr Name="UsedIn" Val="synthesis"/>
        <Attr Name="UsedIn" Val="implementation"/>
        <Attr Name="UsedIn" Val="simulation"/>
      </FileInfo>
    </File>
    <Config>
      <Option Name="TopModule" Val="cpuram"/>
      <Option Name="UseBlackboxStub" Val="1"/>
    </Config>
  </FileSet>
  <FileSet Name="utils" Type="Utils" RelSrcDir="$PSRCDIR/utils_1">
    <Filter Type="Utils"/>
    <Config>
      <Option Name="TopAutoSet" Val="TRUE"/>
    </Config>
  </FileSet>
  <Strategy Version="1" Minor="2">
    <StratHandle Name="Vivado Synthesis Defaults" Flow="Vivado Synthesis 2019">
      <Desc>Vivado Synthesis Defaults</Desc>
    </StratHandle>
    <Step Id="synth_design"/>
  </Strategy>
</GenRun>
